step,users,conversion_from_previous,dropoff_from_previous,overall_conversion_from_session
session_start,267116,,,1.0
view_item,61252,0.2293086149837523,0.7706913850162475,0.2293086149837523
add_to_cart,12545,0.2048096388689348,0.7951903611310651,0.0469646146243579
begin_checkout,9715,0.7744121163810282,0.2255878836189717,0.0363699666062684
purchase,4419,0.4548636129696345,0.5451363870303653,0.0165433744141122
