step,users,conversion_from_previous,dropoff_from_previous,overall_conversion_from_session
session_start,267116,,,1.0
view_item,59977,0.2245354078377933,0.7754645921622066,0.2245354078377933
add_to_cart,12310,0.2052453440485519,0.794754655951448,0.0460848470327498
begin_checkout,4702,0.381965881397238,0.618034118602762,0.0176028392159211
purchase,4329,0.920672054444917,0.0793279455550829,0.0162064421449857
