step,users,dropoff_users,dropoff_rate,priority_score
view_item,61252,205864,0.7706913850162475,158657.6112849848
add_to_cart,12545,48707,0.7951903611310651,38731.33691961079
purchase,4419,5296,0.5451363870303653,2887.042305712815
begin_checkout,9715,2830,0.2255878836189717,638.41371064169
