Pass/Fail,label_name,count,rate
-1,Pass,1463,0.9336311423101468
1,Fail,104,0.06636885768985322
