step,users,conversion_from_previous,dropoff_from_previous,overall_conversion_from_session
session_start,267116,,,1.0
view_item,61252,0.22930861498375238,0.77069138501624757,0.22930861498375238
add_to_cart,12545,0.20480963886893488,0.79519036113106512,0.046964614624357956
begin_checkout,9715,0.77441211638102825,0.22558788361897175,0.036369966606268435
purchase,4419,0.45486361296963457,0.54513638703036538,0.01654337441411222