step,users,conversion_from_previous,dropoff_from_previous,overall_conversion_from_session
session_start,267116,,,1.0
view_item,59977,0.22453540783779333,0.77546459216220665,0.22453540783779333
add_to_cart,12310,0.20524534404855194,0.794754655951448,0.046084847032749815
begin_checkout,4702,0.381965881397238,0.618034118602762,0.017602839215921172
purchase,4329,0.92067205444491707,0.079327945555082935,0.0162064421449857