step,users,dropoff_users,dropoff_rate,priority_score
view_item,61252,205864,0.77069138501624757,158657.6112849848
add_to_cart,12545,48707,0.79519036113106512,38731.336919610789
purchase,4419,5296,0.54513638703036538,2887.0423057128151
begin_checkout,9715,2830,0.22558788361897175,638.41371064169